{"cameraMode":{"drawMode":0,"name":"Shaded","section":"Shading Mode"},"sceneLighting":true,"audioPlay":false,"sceneViewState":{"showFog":true,"showMaterialUpdate":true,"showSkybox":true,"showFlares":true,"showImageEffects":true,"showParticleSystems":true},"in2DMode":false,"pivot":{"x":0.4307727813720703,"y":-0.6307182312011719,"z":-0.0587158203125},"rotation":{"x":-0.016808735206723214,"y":-0.005402564536780119,"z":0.00009085766214411706,"w":-0.9998494386672974},"size":2.4374988079071047,"orthographic":true}